"Name","URL","Description","Total score","OAuth","OpenID","ccpa","consent","gdpr","identity","journalism","sso","surveillance"
"Ghost","https://github.com/TryGhost/Ghost","The headless Node.js CMS for professional publishing","32821","","","","","","","32821","",""
"hydra","https://github.com/ory/hydra","OAuth Server and OpenID Certified OpenID Connect Provider written in Go cloud native, security first, open source API security for your infrastructure. SDKs for any language.","32340","8085","8085","","","","8085","","8085",""
"awesome-falsehood","https://github.com/kdeldycke/awesome-falsehood","Falsehoods Programmers Believe in","11429","","","","","","11429","","",""
"goaccess","https://github.com/allinurl/goaccess","GoAccess is a real time web log analyzer and interactive viewer that runs in a terminal in nix systems or through your browser.","10823","","","","","10823","","","",""
"doorkeeper","https://github.com/doorkeeper-gem/doorkeeper","Doorkeeper is an OAuth provider for Ruby on Rails / Grape.","9052","4526","","","","","4526","","",""
"cas","https://github.com/apereo/cas","Apereo CAS Enterprise Single Sign On for all earthlings and beyond.","7262","","","","","","","","7262",""
"OpenRefine","https://github.com/OpenRefine/OpenRefine","OpenRefine is a free, open source power tool for working with messy data and improving it","6900","","","","","","","6900","",""
"lynis","https://github.com/CISOfy/lynis","Lynis Security auditing tool for Linux, macOS, and UNIX based systems. Assists with compliance testing (HIPAA/ISO /PCI DSS) and system hardening. Agentless, and installation optional.","6664","","","","","6664","","","",""
"IdentityServer4","https://github.com/IdentityServer/IdentityServer4","OpenID Connect and OAuth . Framework for ASP.NET Core","5967","","","","","","5967","","",""
"frontend","https://github.com/guardian/frontend","The Guardian Dot Com.","5418","","","","","","","5418","",""
"oauth2-server","https://github.com/thephpleague/oauth2-server","A spec compliant, secure by default PHP OAuth . Server","5335","5335","","","","","","","",""
"scribejava","https://github.com/scribejava/scribejava","Simple OAuth library for Java","4984","4984","","","","","","","",""
"cpprestsdk","https://github.com/microsoft/cpprestsdk","The C REST SDK is a Microsoft project for cloud based client server communication in native code using a modern asynchronous C API design. This project aims to help C developers connect to and interact with services.","4943","4943","","","","","","","",""
"sso","https://github.com/buzzfeed/sso","sso, aka S.S.Octopus, aka octoboi, is a single sign on solution for securing internal services","4710","2355","","","","","","","2355",""
"cookieconsent","https://github.com/osano/cookieconsent","A free solution to the EU, GDPR, and California Cookie Laws","4696","","","2348","","2348","","","",""
"oauthlib","https://github.com/oauthlib/oauthlib","A generic, spec compliant, thorough implementation of the OAuth request signing logic","3926","1963","","","","","1963","","",""
"hope-boot","https://github.com/hope-for/hope-boot","Hope Boot","3136","","","","","","","","3136",""
"securedrop","https://github.com/freedomofpress/securedrop","GitHub repository for the SecureDrop whistleblower platform. Do not submit tips here","2832","","","","","","","2832","",""
"nodejs-api-starter","https://github.com/kriasoft/nodejs-api-starter","A GraphQL API boilerplate (template) made with Node.js, TypeScript, and PostgreSQL","2696","2696","","","","","","","",""
"grant","https://github.com/simov/grant","OAuth Middleware for Express, Koa and Hapi","2625","2625","","","","","","","",""
"OAuthSwift","https://github.com/OAuthSwift/OAuthSwift","Swift based OAuth library for iOS","2570","2570","","","","","","","",""
"login-with","https://github.com/lipp/login-with","Stateless login with microservice for OAuth","2249","2249","","","","","","","",""
"tailscale","https://github.com/tailscale/tailscale","The easiest, most secure way to use WireGuard and FA.","2234","1117","","","","","","","1117",""
"prowler","https://github.com/toniblyx/prowler","AWS Security Best Practices Assessment, Auditing, Hardening and Forensics Readiness Tool. It follows guidelines of the CIS Amazon Web Services Foundations Benchmark and DOZENS of additional checks including GDPR and HIPAA ( ). Official CIS for AWS guide https //d .awsstatic.com/whitepapers/compliance/AWS CIS Foundations Benchmark.pdf","2203","","","","","2203","","","",""
"cli","https://github.com/smallstep/cli","A zero trust swiss army knife for working with X , OAuth, JWT, OATH OTP, etc.","2062","1031","","","","","","","1031",""
"praw","https://github.com/praw-dev/praw","PRAW, an acronym for Python Reddit API Wrapper , is a python package that allows for simple access to Reddit s API.","2048","2048","","","","","","","",""
"blockstack-core","https://github.com/blockstack/blockstack-core","The Stacks . blockchain implementation","1981","","","","","","1981","","",""
"privacytools.io","https://github.com/privacytoolsIO/privacytools.io","You are being watched. Protect your privacy against global mass surveillance.","1969","","","","","","","","","1969"
"HWIOAuthBundle","https://github.com/hwi/HWIOAuthBundle","OAuth client integration for Symfony. Supports both OAuth . a and OAuth .","1939","1939","","","","","","","",""
"spring-boot-cloud","https://github.com/zhangxd1989/spring-boot-cloud","Spring Boot Spring Cloud Spring Oauth Spring Cloud Netflix","1912","1912","","","","","","","",""
"pac4j","https://github.com/pac4j/pac4j","Security engine for Java (authentication, authorization, multi frameworks) OAuth, CAS, SAML, OpenID Connect, LDAP, JWT...","1748","1748","","","","","","","",""
"Monkey","https://github.com/coderyi/Monkey","Monkey is a unofficial GitHub client for iOS,to show the rank of coders and repositories.","1730","1730","","","","","","","",""
"awesome-interactive-journalism","https://github.com/wbkd/awesome-interactive-journalism","A list of awesome interactive journalism projects.","1685","","","","","","","1685","",""
"authlib","https://github.com/lepture/authlib","The ultimate Python library in building OAuth, OpenID Connect clients and servers. JWS,JWE,JWK,JWA,JWT included.","1603","1603","","","","","","","",""
"oauth2_proxy","https://github.com/pusher/oauth2_proxy","A reverse proxy that provides authentication with Google, Github or other providers.","1430","","","","","","","","1430",""
"talk","https://github.com/coralproject/talk","A better commenting experience from Vox Media","1426","","","","","","","1426","",""
"flask-oauthlib","https://github.com/lepture/flask-oauthlib","YOU SHOULD USE https //github.com/lepture/authlib","1386","1386","","","","","","","",""
"smart","https://github.com/a466350665/smart","Java SpringBoot","1367","","","","","","","","1367",""
"fosite","https://github.com/ory/fosite","Extensible security first OAuth . and OpenID Connect SDK for Go.","1358","1358","","","","","","","",""
"JPProject.IdentityServer4.AdminUI","https://github.com/brunohbrito/JPProject.IdentityServer4.AdminUI","wrench ASP.NET Core Angular Administration Panel for revolving hearts IdentityServer and ASP.NET Core Identity","1347","","449","","","","449","","449",""
"vue-authenticate","https://github.com/dgrubelic/vue-authenticate","Simple Vue.js authentication library","1232","1232","","","","","","","",""
"AspNet5IdentityServerAngularImplicitFlow","https://github.com/damienbod/AspNet5IdentityServerAngularImplicitFlow","OpenID Connect Code / Implicit Flow with Angular and ASP.NET Core . IdentityServer","1206","","603","","","","603","","",""
"spring-security-oauth","https://github.com/Baeldung/spring-security-oauth","Just Announced Learn Spring Security OAuth","1206","1206","","","","","","","",""
"nextjs-starter","https://github.com/iaincollins/nextjs-starter","A starter project for Next.js with authentication","1198","1198","","","","","","","",""
"classroom","https://github.com/education/classroom","GitHub Classroom automates repository creation and access control, making it easy for teachers to distribute starter code and collect assignments on GitHub.","1192","1192","","","","","","","",""
"aleph","https://github.com/alephdata/aleph","Search and browse documents and data find the people and companies you look for.","1183","","","","","","","1183","",""
"itext7","https://github.com/itext/itext7","iText for Java represents the next level of SDKs for developers that want to take advantage of the benefits PDF can bring. Equipped with a better document engine, high and low level programming capabilities and the ability to create, edit and enhance PDF documents, iText can be a boon to nearly every workflow.","1174","","","587","","587","","","",""
"hack-the-media","https://github.com/nemild/hack-the-media","This repo collects examples of intentional and unintentional hacks of media sources","1146","","","","","","","1146","",""
"blockstack-browser","https://github.com/blockstack/blockstack-browser","The Blockstack Browser","1104","","","","","","1104","","",""
"xxl-sso","https://github.com/xuxueli/xxl-sso","A distributed single sign on framework. XXL SSO","1104","","","","","","","","1104",""
"ueberauth","https://github.com/ueberauth/ueberauth","An Elixir Authentication System for Plug based Web Applications","1093","1093","","","","","","","",""
"pomerium","https://github.com/pomerium/pomerium","Pomerium is an identity aware access proxy.","1039","","","","","","1039","","",""
"node-oidc-provider","https://github.com/panva/node-oidc-provider","OpenID Certified OAuth . Authorization Server implementation for Node.js","990","","990","","","","","","",""
"auth0-socketio-jwt","https://github.com/auth0-community/auth0-socketio-jwt","Authenticate socket.io incoming connections with JWTs","984","","","","","","984","","",""
"accounts","https://github.com/accounts-js/accounts","Fullstack authentication and accounts management for Javascript.","964","964","","","","","","","",""
"scalaj-http","https://github.com/scalaj/scalaj-http","Simple scala wrapper for HttpURLConnection. OAuth included.","927","927","","","","","","","",""
"presidio","https://github.com/microsoft/presidio","Context aware, pluggable and customizable data protection and anonymization service for text and images","910","","","","","910","","","",""
"socialite","https://github.com/overtrue/socialite","octocat Socialite is an OAuth Authentication tool. It is inspired by laravel/socialite, you can easily use it without Laravel.","906","906","","","","","","","",""
"jbone","https://github.com/417511458/jbone","jbone Spring Cloud jbone JVM API CMS","890","","","","","","","","890",""
"google-auth-library-nodejs","https://github.com/googleapis/google-auth-library-nodejs","Google Auth Library for Node.js","865","865","","","","","","","",""
"itext7-dotnet","https://github.com/itext/itext7-dotnet","iText for .NET is the .NET version of the iText library, formerly known as iTextSharp, which it replaces. iText represents the next level of SDKs for developers that want to take advantage of the benefits PDF can bring. Equipped with a better document engine, high and low level programming capabilities and the ability to create, edit and enhance PDF documents, iText can be a boon to nearly every workflow.","840","","","420","","420","","","",""
"authelia","https://github.com/authelia/authelia","The Single Sign On Multi Factor portal for web apps","817","","","","","","","","817",""
"play-silhouette","https://github.com/mohiva/play-silhouette","Silhouette is an authentication library for Play Framework applications that supports several authentication methods, including OAuth , OAuth , OpenID, CAS, FA, TOTP, Credentials, Basic Authentication or custom authentication schemes.","804","","804","","","","","","",""
"spring-boot-security-saml-sample","https://github.com/vdenotaris/spring-boot-security-saml-sample","SBS A sample SAML . Service Provider built on Spring Boot.","792","","","","","","396","","396",""
"jso","https://github.com/andreassolberg/jso","Easy to use OAuth . javascript library for use in your javascript application.","791","","","","","","","","791",""
"sso","https://github.com/kawhii/sso","cas cas","682","","","","","","","","682",""
"contextualise","https://github.com/brettkromkamp/contextualise","Contextualise is a simple and flexible tool particularly suited for organising information heavy projects and activities consisting of unstructured and widely diverse data and information resources","670","","","","","","","670","",""
"keycloak-gatekeeper","https://github.com/keycloak/keycloak-gatekeeper","A OpenID / Keycloak Proxy service","647","","647","","","","","","",""
"java-cas-client","https://github.com/apereo/java-cas-client","Apereo Java CAS Client","638","","","","","","","","638",""
"Digital-Privacy","https://github.com/No-Github/Digital-Privacy",", (OSINT) ( )","636","","","","","","","","","636"
"fw-cloud-framework","https://github.com/liuweijw/fw-cloud-framework","springcloud oauth SSO Shardingdbc redis Vue","630","","","","","","","","630",""
"jose-jwt","https://github.com/dvsekhvalnov/jose-jwt","Ultimate Javascript Object Signing and Encryption (JOSE) and JSON Web Token (JWT) Implementation for .NET and .NET Core","619","","619","","","","","","",""
"product-is","https://github.com/wso2/product-is","Welcome to the WSO Identity Server source code For info on working with the WSO Identity Server repository and contributing code, click the link below.","618","","","","","","309","","309",""
"WeIdentity","https://github.com/WeBankFinTech/WeIdentity","W C DID Verifiable Credential","596","","","","","","596","","",""
"spiffe","https://github.com/spiffe/spiffe","The SPIFFE Project","589","","","","","","589","","",""
"informer","https://github.com/paulpierre/informer","A Telegram Mass Surveillance Bot in Python","577","","","","","","","","","577"
"gdpr-checklist","https://github.com/privacyradius/gdpr-checklist","The GDPR Checklist","571","","","","","571","","","",""
"vouch-proxy","https://github.com/vouch/vouch-proxy","an SSO and OAuth / OIDC login solution for Nginx using the auth request module","555","","","","","","","","555",""
"django-oidc-provider","https://github.com/juanifioren/django-oidc-provider","OpenID Connect and OAuth provider implementation for Djangonauts.","554","","277","","","","277","","",""
"microsoft-authentication-library-for-dotnet","https://github.com/AzureAD/microsoft-authentication-library-for-dotnet","Microsoft Authentication Library (MSAL) for .NET","551","","","","","","551","","",""
"gdpr_rails","https://github.com/prey/gdpr_rails","Rails Engine for the GDPR compliance","548","","","","","548","","","",""
"node-openid-client","https://github.com/panva/node-openid-client","OpenID Certified Relying Party (RP, Client) implementation for Node.js. Wide feature coverage including optional specifications and passport strategy is included.","546","","546","","","","","","",""
"IdentityModel","https://github.com/IdentityModel/IdentityModel",".NET standard helper library for claims based identity, OAuth . and OpenID Connect.","532","","","","","","532","","",""
"OpenDSR","https://github.com/opengdpr/OpenDSR","A common framework enabling companies to work together to protect consumers privacy and data rights.","522","","","261","","261","","","",""
"multitor","https://github.com/trimstray/multitor","Create multiple TOR instances with a load balancing.","512","","","","","","512","","",""
"yett","https://github.com/snipsco/yett","A small webpage library to control the execution of (third party) scripts","508","","","","","508","","","",""
"klaro","https://github.com/KIProtect/klaro","Klaro A simple and powerful tool to manage user consent on websites.","478","","","","239","239","","","",""
"NSABlocklist","https://github.com/CHEF-KOCH/NSABlocklist","HOSTS file and research project to block all known NSA / GCHQ / C.I.A. / F.B.I. spying server","478","","","","","","","","","478"
"OwinOAuthProviders","https://github.com/TerribleDev/OwinOAuthProviders","OAuth providers for Owin","471","","471","","","","","","",""
"OSINT_Collection","https://github.com/Ph055a/OSINT_Collection","Maintained collection of OSINT related resources. (All Free Actionable)","454","","","","","","","454","",""
"letterpad","https://github.com/letterpad/letterpad","Letterpad is an open source and a high performant publishing engine for blogs built with react graphql and runs ridiculously fast","450","","","","","","","450","",""
"taoshop","https://github.com/u014427391/taoshop","SpringBoot Dubbo . releases https //github.com/u /taoshop/releases ( ...)","429","","","","","","","","429",""
"comply","https://github.com/strongdm/comply","Compliance automation framework, focused on SOC","401","","","","","401","","","",""
"auth","https://github.com/SocialConnect/auth","atom Social (OAuth OAuth OpenID OpenIDConnect) sign with PHP shipit","395","","395","","","","","","",""
"nrol-39-logo","https://github.com/palewire/nrol-39-logo","A vector PDF of the official mission logo of NROL released via FOIA","391","","","","","","","","","391"
"freeipa","https://github.com/freeipa/freeipa","Mirror of FreeIPA, an integrated security information management solution","386","","","","","","386","","",""
"angular-auth-oidc-client","https://github.com/damienbod/angular-auth-oidc-client","npm package for OpenID Connect Code Flow with PKCE, Implicit Flow","380","","380","","","","","","",""
"app","https://github.com/simple-login/app","The SimpleLogin back end","378","","","","","","","","378",""
"ngx-starter-kit","https://github.com/xmlking/ngx-starter-kit","a Angular rocket NestJS monkey Starter Kit","377","","377","","","","","","",""
"ScatterWebExtension","https://github.com/GetScatter/ScatterWebExtension","Extension that allows you to sign transactions with your private keys securely from within the browser without ever exposing them.","362","","","","","","362","","",""
"oil","https://github.com/as-ideas/oil","Open Source GDPR Consent Management Provider (CMP), Opt In Layer (oil.js), supports the IAB Framework","358","","","","179","179","","","",""
"laravel-personal-data-export","https://github.com/spatie/laravel-personal-data-export","Create zip files containing personal data","325","","","","","325","","","",""
"aws-google-auth","https://github.com/cevoaustralia/aws-google-auth","Provides AWS STS credentials based on Google Apps SAML SSO auth (what a jumble )","324","","","","","","","","324",""
"awesome-zero-trust","https://github.com/pomerium/awesome-zero-trust","A curated collection of awesome resources for the zero trust security model.","310","","","","","","310","","",""
"openid_connect","https://github.com/nov/openid_connect","OpenID Connect Server Client Library","306","","306","","","","","","",""
"android-hidden-camera","https://github.com/kevalpatel2106/android-hidden-camera","This library is to take picture using camera without camera preview.","304","","","","","","","","","304"
"OSINT_Team_Links","https://github.com/IVMachiavelli/OSINT_Team_Links","Links for the OSINT Team","302","","","","","","","302","",""
"uport-connect","https://github.com/uport-project/uport-connect","Main uPort library for front end developers","292","","","","","","292","","",""
"samlify","https://github.com/tngan/samlify","Node.js API for Single Sign On (SAML . )","292","","","","","","","","292",""
"VoteRobot","https://github.com/debugtalk/VoteRobot","","287","","287","","","","","","",""
"Scout","https://github.com/tevora-threat/Scout","Surveillance Detection Scout Your Lookout on Autopilot","272","","","","","","","","","272"
"aws-security-workshops","https://github.com/aws-samples/aws-security-workshops","A collection of the latest AWS Security workshops","267","","","","","","267","","",""
"oauth2-server","https://github.com/jobmission/oauth2-server","spring boot (springboot ) oauth server sso JWT, ,","267","","","","","","","","267",""
"OpenID-Connect-PHP","https://github.com/jumbojett/OpenID-Connect-PHP","Minimalist OpenID Connect client","266","","266","","","","","","",""
"Ghost-CLI","https://github.com/TryGhost/Ghost-CLI","CLI Tool for installing updating Ghost","265","","","","","","","265","",""
"openstack4j","https://github.com/ContainX/openstack4j","A Fluent OpenStack SDK / Client Library for Java","262","","","","","","262","","",""
"passport-steam","https://github.com/liamcurry/passport-steam","Steam (OpenID) authentication strategy for Passport and Node.js.","257","","257","","","","","","",""
"equatable","https://github.com/felangel/equatable","Simplify Equality Comparisons A Dart abstract class that helps to implement equality without needing to explicitly override and hashCode.","256","","","","","","256","","",""
"open-semantic-search","https://github.com/opensemanticsearch/open-semantic-search","Open Semantic Search Engine and Open Source Text Mining Text Analytics platform (Integrates ETL for document processing, OCR for images PDF, named entity recognition for persons, organizations locations, metadata management by thesaurus ontologies, search user interface search apps for fulltext search, faceted search knowledge graph)","255","","","","","","","255","",""
"Finbuckle.MultiTenant","https://github.com/Finbuckle/Finbuckle.MultiTenant","Finbuckle.MultiTenant is a multitenancy library for ASP.NET Core. It provides functionality for tenant resolution, per tenant app configuration, and per tenant data isolation.","242","","","","","","242","","",""
"pigeon","https://github.com/geraldoramos/pigeon","Pigeon is a simple D printed cloud home surveillance camera project that uses the new Raspberry Pi Zero W","239","","","","","","","","","239"
"AspNetCoreApiStarter","https://github.com/mmacneil/AspNetCoreApiStarter","An ASP.NET Core (v . ) Web API project to quickly bootstrap new projects. Includes Identity, JWT authentication w/ refresh tokens.","239","","","","","","239","","",""
"oxAuth","https://github.com/GluuFederation/oxAuth","OAuth . server and client OpenID Connect Provider (OP) UMA Authorization Server (AS)","237","","","","","","","","237",""
"django-cas-ng","https://github.com/django-cas-ng/django-cas-ng","Django CAS . / . / . client authentication library, support Django . , . , . , . and Python .","236","","","","","","","","236",""
"JacobAppelbaumLeavesTor","https://github.com/Enegnei/JacobAppelbaumLeavesTor","mag An investigation into Jacob Appelbaum leaving the Tor Project","219","","","","73","","","73","","73"
"stormpath-sdk-java","https://github.com/stormpath/stormpath-sdk-java","Official Java SDK for the Stormpath User Management REST API","219","","","","","","219","","",""
"gdpr-documents","https://github.com/good-lly/gdpr-documents","Your Right to be Informed and Erased. The General Data Protection Regulation (EU) / ( GDPR ) documents for personal use.","213","","","","","213","","","",""
"Cookies-EU-banner","https://github.com/Alex-D/Cookies-EU-banner","kb vanilla JS script which manage cookies consent banner display like asked by GDPR","212","","","","","212","","","",""
"snowden-archive","https://github.com/iamcryptoki/snowden-archive","A collection of all documents leaked by former NSA contractor and whistleblower Edward Snowden.","210","","","","","","","","","210"
"tkey","https://github.com/cdk8s/tkey","SSO","205","","","","","","","","205",""
"WhereAreTheEyes","https://github.com/DaylightingSociety/WhereAreTheEyes","Surveillance Detection and Mapping App","203","","","","","","","","","203"
"cjworkbench","https://github.com/CJWorkbench/cjworkbench","The data journalism platform with built in training","203","","","","","","","203","",""
"CAS_SSO_Record","https://github.com/X-rapido/CAS_SSO_Record","CAS SSO Iframe SSO Restful API SSO JWT","199","","","","","","","","199",""
"ipscrub","https://github.com/masonicboom/ipscrub","IP address anonymizer module for nginx","196","","","","","196","","","",""
"NewId","https://github.com/phatboyg/NewId","A sequential id generator that works across nodes with no collisions","196","","","","","","196","","",""
"ClearGDPR","https://github.com/ClearGDPR/ClearGDPR","GDPR Compliance Solution","193","","","","","193","","","",""
"rpisurv","https://github.com/SvenVD/rpisurv","Raspberry Pi surveillance","189","","","","","","","","","189"
"personal-security-checklist","https://github.com/Lissy93/personal-security-checklist","A curated checklist of tips for protecting digital security and privacy in","188","","","","","","","","","188"
"GDPRDialog","https://github.com/MFlisar/GDPRDialog","GDPR fragment dialog implementation","178","","","","","178","","","",""
"Civil","https://github.com/joincivil/Civil","The Main Monorepo and entry point of all things Civil","177","","","","","","","177","",""
"ios-consent-sdk","https://github.com/smartlook/ios-consent-sdk","Configurable consent SDK for iOS","175","","","","175","","","","",""
"notebooks","https://github.com/datadesk/notebooks","All of our computational notebooks","165","","","","","","","165","",""
"SSOwat","https://github.com/YunoHost/SSOwat","A simple SSO for nginx, written in Lua","164","","","","","","","","164",""
"laravel-gdpr","https://github.com/sander3/laravel-gdpr","GDPR compliance with ease.","162","","","","","162","","","",""
"tarbell","https://github.com/tarbell-project/tarbell","A Flask based static site authoring tool.","156","","","","","","","156","",""
"nginx-http-shibboleth","https://github.com/nginx-shib/nginx-http-shibboleth","Shibboleth auth request module for nginx","151","","","","","","","","151",""
"wazuh-kibana-app","https://github.com/wazuh/wazuh-kibana-app","Wazuh Kibana plugin","142","","","","","142","","","",""
"spring-boot-keycloak-tutorial","https://github.com/sebastienblanc/spring-boot-keycloak-tutorial","Easily Secure your Spring Boot Apps with Keycloak","141","","141","","","","","","",""
"awesome-virgil","https://github.com/VirgilSecurity/awesome-virgil","Key Management and Crypto Building Block for your App or Device.","140","","","","","140","","","",""
"jose2go","https://github.com/dvsekhvalnov/jose2go","Golang (GO) implementation of Javascript Object Signing and Encryption specification","134","","134","","","","","","",""
"VanillaRAT","https://github.com/DannyTheSloth/VanillaRAT","VanillaRat is an advanced remote administration tool completely coded in C for Windows.","129","","","","","","","","","129"
"GDPR","https://github.com/trewknowledge/GDPR","This plugin is meant to assist a Controller, Data Processor, and Data Protection Officer (DPO) with efforts to meet the obligations and rights enacted under the GDPR.","127","","","","","127","","","",""
"trackless","https://github.com/ascorbic/trackless","Add a GDPR friendly Google Analytics opt in/opt out button to your site","126","","","","","126","","","",""
"gdpr-tracker","https://github.com/privacyradius/gdpr-tracker","A crowdsourced directory tracking the GDPR compliance of cloud services and subprocessors","125","","","","","125","","","",""
"CloudKitGDPR","https://github.com/arturgrigor/CloudKitGDPR","Framework for allowing users to manage data stored in iCloud","125","","","","","125","","","",""
"RaspiSecurity","https://github.com/erogol/RaspiSecurity","Home Surveillance for Raspberry","124","","","","","","","","","124"
"Umbrella_android","https://github.com/securityfirst/Umbrella_android","Digital and Physical Security Advice App","124","","","","","","","124","",""
"opensanctions","https://github.com/alephdata/opensanctions","An open database of persons of interest and politically exposed persons","123","","","","","","","123","",""
"census-data-downloader","https://github.com/datadesk/census-data-downloader","Download U.S. census data and reformat it for humans","122","","","","","","","122","",""
"robovision","https://github.com/stoic1979/robovision","AI and machine leaning based computer vision for a robot","117","","","","","","","","","117"
"VXG.Media.SDK.Android","https://github.com/VideoExpertsGroup/VXG.Media.SDK.Android","Market leading Android SDK with encoding, streaming playback functionality","116","","","","","","","","","116"
"wechatAppDemo","https://github.com/magic007/wechatAppDemo","demo, , SDK DEMO","109","","109","","","","","","",""
"journalism-syllabi","https://github.com/dannguyen/journalism-syllabi","Computer Assisted Reporting and Data Journalism Syllabuses, compiled by Dan Nguyen","107","","","","","","","107","",""
"forget-db","https://github.com/OwenMelbz/forget-db","A simple GDPR inspired tool to anonymise confidential database data.","105","","","","","105","","","",""
"gdpr-rails","https://github.com/ziptofaf/gdpr-rails","An example project on building a GDPR compliant application","105","","","","","105","","","",""
"CookieScanner","https://github.com/CovenantSQL/CookieScanner","Cookie Scanner for GDPR compliance","105","","","","","105","","","",""
"OpenYOLO-Android","https://github.com/openid/OpenYOLO-Android","Android protocol for credential exchange and update You Only Login Once","105","","105","","","","","","",""
"thunder-distribution","https://github.com/BurdaMagazinOrg/thunder-distribution","A Drupal based platform for professional publishers","104","","","","","","","104","",""
"external-auth-server","https://github.com/travisghansen/external-auth-server","easy auth for reverse proxies","102","","102","","","","","","",""
"cbs","https://github.com/IFRCGo/cbs","Red Cross Community Based Surveillance","98","","","","","","","","","98"
"pai","https://github.com/ParadoxAlarmInterface/pai","Paradox Magellan, Spectra and EVO, with MQTT, Signal, Pushbullet, Pushover and others","96","","","","","","","","","96"
"MyOIDC","https://github.com/monkeyk/MyOIDC","OIDC ,","95","","95","","","","","","",""
"PiCamNN","https://github.com/PiSimo/PiCamNN","Survelliance system with deep learning based people detection (YOLO)","93","","","","","","","","","93"
"are-you-fake-news","https://github.com/N2ITN/are-you-fake-news","Bias detection in the news. Back and front end for areyoufakenews.com","92","","","","","","","92","",""
"arkid-core","https://github.com/longguikeji/arkid-core","(LDAP, OAuth , SAML, OpenID) WEB","89","","89","","","","","","",""
"lookup","https://github.com/wireservice/lookup","A repository of journalist s lookup tables.","86","","","","","","","86","",""
"AspNet.Security.OpenId.Providers","https://github.com/aspnet-contrib/AspNet.Security.OpenId.Providers","OpenID . authentication middleware for ASP.NET Core","85","","85","","","","","","",""
"journalize","https://github.com/rdmurphy/journalize","newspaper A collection of JavaScript functions useful for making prose reader friendly.","84","","","","","","","84","",""
"masq","https://github.com/dennisreimann/masq","Mountable Rails engine that provides OpenID server/identity provider functionality","83","","83","","","","","","",""
"ozonebase","https://github.com/ozonesecurity/ozonebase","Open Source, MIT licensed, SDK for Video Innovation CCTV solutions http //ozone.network","79","","","","","","","","","79"
"snowball","https://github.com/thomaspark/snowball","A WordPress plugin for making immersive longform articles","78","","","","","","","78","",""
"pastpages.org","https://github.com/pastpages/pastpages.org","The news homepage archive","78","","","","","","","78","",""
"AspNetCoreHybridFlowWithApi","https://github.com/damienbod/AspNetCoreHybridFlowWithApi","ASP.NET Core MVC application using API, OpenID Connect Hybrid flow , second API, Code Flow with PKCE","77","","77","","","","","","",""
"android-consent-sdk","https://github.com/smartlook/android-consent-sdk","Configurable consent SDK for Android","77","","","","77","","","","",""
"rpicam","https://github.com/Lallassu/rpicam","Raspberry PI Surveillance Automation","77","","","","","","","","","77"
"GDPRConsent","https://github.com/DavidEdwards/GDPRConsent","(missing)","76","","","","76","","","","",""
"python-for-data-and-media-communication-gitbook","https://github.com/hupili/python-for-data-and-media-communication-gitbook","An open source book on Python tailed for communication students with zero background","72","","","","","","","72","",""
"react-oidc-client-js","https://github.com/skoruba/react-oidc-client-js","OpenID Connect (OIDC) client with React and typescript","70","","70","","","","","","",""
"ihavecookies","https://github.com/ketanmistry/ihavecookies","jQuery plugin to display cookie consent message (EU regulation)","67","","","","67","","","","",""
"Cyber-Camera","https://github.com/amirfefer/Cyber-Camera","Turns any webcam into a smart security camera for home surveillance","54","","","","","","","","","54"
"data-protection-mapping-project","https://github.com/microsoft/data-protection-mapping-project","Open Source Data Protection/Privacy Regulatory Mapping Project","49","","","49","","","","","",""
"AspNetCoreMvcAngular","https://github.com/damienbod/AspNetCoreMvcAngular","ASP.NET Core MVC with angular in MVC View OpenID Connect Hybrid Flow","49","","49","","","","","","",""
"SimpleIdentityServer","https://github.com/thabart/SimpleIdentityServer","OpenId Uma Oauth . providers SCIM . RFID reader (DEPRECATED)","48","","48","","","","","","",""
"GDPR-Cookie-Compliance","https://github.com/Jyxon/GDPR-Cookie-Compliance","A library to comply with the GDPR law.","46","","","","46","","","","",""
"Umbrella_content","https://github.com/securityfirst/Umbrella_content","Content Used In Umbrella App","42","","","","","","","","","42"
"awesome-hacktivism","https://github.com/Nipher/awesome-hacktivism","A curated list about Hacktivism.","40","","","","","","","","","40"
"The-Eye","https://github.com/EgeBalci/The-Eye","Simple security surveillance script for linux distributions.","34","","","","","","","","","34"
"cia","https://github.com/Hack23/cia","Citizen Intelligence Agency","34","","","","","","","","","34"
"databunker","https://github.com/paranoidguy/databunker","Personally identifiable information (PII) storage service built to comply with GDPR and CCPA","28","","","28","","","","","",""
"vulture","https://github.com/rndinfosecguy/vulture","WhatsApp Online Tracker","26","","","","","","","","","26"
"piCamBot","https://github.com/scaidermern/piCamBot","Security camera based on a raspberry pi and Telegram, controllable by smartphone","24","","","","","","","","","24"
"theWorldInSafety","https://github.com/damien911224/theWorldInSafety","Surveillance System Against Violence","20","","","","","","","","","20"
"Cookie-Glasses","https://github.com/Perdu/Cookie-Glasses","This browser extension shows you whether consent registered by cookie banners of IAB Europe s Transparency Consent Framework corresponds to your choice","19","","","","19","","","","",""
"javascript-cookie-control","https://github.com/netgen/javascript-cookie-control","Javascript module for controling cookie consent on your website","13","","","","13","","","","",""
"simple-cookie-choices","https://github.com/caiojhonny/simple-cookie-choices","A simple cookie choices thought to the GDPR rules","12","","","","12","","","","",""
"cookie-consent-box","https://github.com/adriandmitroca/cookie-consent-box","A tiny, dependency free cookie box widget that helps you to be GDPR complaint after including kB of code (gzipped)","10","","","","10","","","","",""
"ConsentDialog","https://github.com/saiakhil90/ConsentDialog","A library for building Custom Consent Form for Android","9","","","","9","","","","",""
"cmp","https://github.com/ConsentStack/cmp","Open source, developer focused human centric consent management platform.","8","","","","8","","","","",""
"plg_fields_privacycheckbox","https://github.com/zero-24/plg_fields_privacycheckbox","This Joomla plugin lets you create new fields of type privacycheckbox in any extensions where custom fields are supported.","7","","","","7","","","","",""
"android-gdpr-library","https://github.com/gdprsdk/android-gdpr-library","GPDR Consent Management Provider for Android","6","","","","6","","","","",""
"react-native-ad-consent","https://github.com/birgernass/react-native-ad-consent","Uses the Google Mobile Ads Consent SDK to ask users for GDPR compliant ad consent. Supports iOS and Android.","6","","","","6","","","","",""
"research.package","https://github.com/cph-cachet/research.package","A Flutter package implementing support for surveys like ResearchStack and ResearchKit","6","","","","6","","","","",""
"oneint","https://github.com/oneint/oneint","Data Privacy platform that helps create and manage DSR requests from the users","4","","","4","","","","","",""
"ccpa-checklist","https://github.com/privacyradius/ccpa-checklist","The CCPA Checklist","3","","","3","","","","","",""
"cookie-mgmnt","https://github.com/L3-iGrant/cookie-mgmnt","This is the cookie management repo for implementing IAB/GDPR compliant cookie management functions","3","","","","3","","","","",""
"omniledger","https://github.com/c4dt/omniledger","Frontend for the dedis/cothority blockchain with an accent on identity and consent management","3","","","","3","","","","",""
"CCPA-Out-Opts","https://github.com/Cauchon/CCPA-Out-Opts","The California Consumer Privacy Act (CCPA) provides consumers with the right to opt out and stop businesses from selling their personal information. This repo will attempt to compile a list of all sites supporting it and opt out links.","2","","","2","","","","","",""
"get-consent","https://github.com/Kiosked/get-consent","GDPR consent string fetcher","2","","","2","","","","","",""
"origami-consent","https://github.com/papertank/origami-consent","Laravel model consent helper package (GDPR inspired)","2","","","","2","","","","",""
"consent","https://github.com/dnulnets/consent","A consent handling web application and a PoA ethereum blockchain prototype using express on node.","2","","","","2","","","","",""
"has-consent","https://github.com/Kiosked/has-consent","GDPR consent string validation library","2","","","","2","","","","",""
"consentua-component","https://github.com/mrsideshowjack/consentua-component","Get and set user consents with Consentua","2","","","","2","","","","",""
"Zone-Cookie","https://github.com/zekinah/Zone-Cookie","This plugin is for GDPR and CCPA Privacy Laws. It is user friendly and very simple to used. It provides a control to your client data request and protection, messages and layout.","1","","","1","","","","","",""
"consent-form-builder","https://github.com/barnardos/consent-form-builder","Allow a Barnardo s researcher to enter details about an upcoming research session to produce consent forms.","1","","","","1","","","","",""
"app-web-auth3","https://github.com/pryv/app-web-auth3","Vuejs implementation of authentication web app","1","","","","1","","","","",""
"tcf-types","https://github.com/mairdumont-netletix/tcf-types","IAB s Transparency Consent Framework types in TypeScript","1","","","","1","","","","",""
"tcf-stub","https://github.com/mairdumont-netletix/tcf-stub","This package provides a TCFv CMP Stub in Typescript.","1","","","","1","","","","",""
"cookie-consent-box-wordpress","https://github.com/adriandmitroca/cookie-consent-box-wordpress","Lightweight and good looking cookie consent box that helps you to be GDPR complaint.","1","","","","1","","","","",""
"cookie-consent","https://github.com/kraftvaerk/cookie-consent","A solution to the EU Cookie Law","1","","","","1","","","","",""
"COB-FAKER","https://github.com/dinodev76/COB-FAKER","COBOL port (partial) of the Python Faker project used to generate or anonymize test data requiring names, addresses, etc.","0","","","0","","","","","",""
"ccpa-android-sdk","https://github.com/anuragdalia/ccpa-android-sdk","CCPA Android SDK to ask for users preferences","0","","","0","","","","","",""
